department,insurer_name,admission_year,admission_quarter,cost_tier,admissions,total_revenue_usd,avg_revenue_per_admission,min_cost,max_cost,avg_procedures
CARDIOLOGY,AETNA,2024,Q1,HIGH,14,521651.74,37260.84,25608.88,48132.0,4.64
CARDIOLOGY,AETNA,2024,Q1,LOW,9,31306.23,3478.47,2138.67,4635.56,3.33
CARDIOLOGY,AETNA,2024,Q1,MEDIUM,13,163479.71,12575.36,6623.55,19545.6,4.62
CARDIOLOGY,AETNA,2024,Q1,VERY_HIGH,19,1225396.77,64494.57,51075.61,84314.87,3.79
CARDIOLOGY,AETNA,2024,Q2,HIGH,20,695872.73,34793.64,22692.73,48099.82,2.65
CARDIOLOGY,AETNA,2024,Q2,LOW,5,16805.57,3361.11,2769.87,4162.48,2.6
CARDIOLOGY,AETNA,2024,Q2,MEDIUM,10,135252.23,13525.22,6558.32,19409.25,3.4
CARDIOLOGY,AETNA,2024,Q2,VERY_HIGH,22,1499353.68,68152.44,51182.08,84279.73,3.64
CARDIOLOGY,AETNA,2024,Q3,HIGH,18,630648.4,35036.02,20283.91,48786.82,4.72
CARDIOLOGY,AETNA,2024,Q3,LOW,3,7144.34,2381.45,2317.2,2454.93,2.33
CARDIOLOGY,AETNA,2024,Q3,MEDIUM,14,195134.8,13938.2,6476.38,19085.61,4.0
CARDIOLOGY,AETNA,2024,Q3,VERY_HIGH,23,1505094.05,65438.87,50691.35,80767.77,3.7
CARDIOLOGY,AETNA,2024,Q4,HIGH,18,649400.92,36077.83,20867.1,46772.59,4.89
CARDIOLOGY,AETNA,2024,Q4,LOW,2,8496.79,4248.4,3659.65,4837.14,3.5
CARDIOLOGY,AETNA,2024,Q4,MEDIUM,8,107399.53,13424.94,8947.22,19199.61,3.75
CARDIOLOGY,AETNA,2024,Q4,VERY_HIGH,24,1613279.08,67219.96,51318.19,82087.04,3.79
CARDIOLOGY,BLUECROSS,2024,Q1,HIGH,19,713890.64,37573.19,25260.9,47637.11,4.21
CARDIOLOGY,BLUECROSS,2024,Q1,LOW,2,6249.29,3124.64,2753.67,3495.62,7.5
CARDIOLOGY,BLUECROSS,2024,Q1,MEDIUM,9,123814.4,13757.16,8351.69,19352.78,3.33
CARDIOLOGY,BLUECROSS,2024,Q1,VERY_HIGH,19,1233127.2,64901.43,53593.42,78992.7,4.42
CARDIOLOGY,BLUECROSS,2024,Q2,HIGH,26,803347.92,30898.0,20306.7,48992.11,3.58
CARDIOLOGY,BLUECROSS,2024,Q2,LOW,3,7819.2,2606.4,1672.49,4412.04,2.67
CARDIOLOGY,BLUECROSS,2024,Q2,MEDIUM,8,122078.86,15259.86,10230.9,19390.59,4.88
CARDIOLOGY,BLUECROSS,2024,Q2,VERY_HIGH,30,2052553.76,68418.46,50055.58,83387.45,4.27
CARDIOLOGY,BLUECROSS,2024,Q3,HIGH,30,1030792.89,34359.76,20710.81,46696.52,4.17
CARDIOLOGY,BLUECROSS,2024,Q3,LOW,2,7217.76,3608.88,2392.22,4825.54,4.5
CARDIOLOGY,BLUECROSS,2024,Q3,MEDIUM,10,114414.63,11441.46,5829.93,18971.25,5.0
CARDIOLOGY,BLUECROSS,2024,Q3,VERY_HIGH,27,1841812.79,68215.29,50701.69,84216.53,3.67
CARDIOLOGY,BLUECROSS,2024,Q4,HIGH,15,514113.15,34274.21,24549.13,46515.49,4.13
CARDIOLOGY,BLUECROSS,2024,Q4,LOW,3,10519.98,3506.66,1570.44,4784.81,3.33
CARDIOLOGY,BLUECROSS,2024,Q4,MEDIUM,11,125726.52,11429.68,5035.49,18118.65,4.36
CARDIOLOGY,BLUECROSS,2024,Q4,VERY_HIGH,25,1768376.61,70735.06,51120.45,84771.47,3.32
CARDIOLOGY,CIGNA,2024,Q1,HIGH,12,403392.58,33616.05,20009.43,47855.81,3.5
CARDIOLOGY,CIGNA,2024,Q1,LOW,4,11018.51,2754.63,1506.51,3671.7,5.5
CARDIOLOGY,CIGNA,2024,Q1,MEDIUM,9,96849.17,10761.02,6284.99,16502.81,4.56
CARDIOLOGY,CIGNA,2024,Q1,VERY_HIGH,18,1252437.22,69579.85,55418.3,84897.49,3.61
CARDIOLOGY,CIGNA,2024,Q2,HIGH,19,584199.06,30747.32,20059.01,45435.45,4.21
CARDIOLOGY,CIGNA,2024,Q2,LOW,4,11526.13,2881.53,2102.21,3654.2,4.75
CARDIOLOGY,CIGNA,2024,Q2,MEDIUM,7,81046.37,11578.05,8421.95,16016.75,5.43
CARDIOLOGY,CIGNA,2024,Q2,VERY_HIGH,27,1767981.5,65480.8,50985.37,83500.39,4.96
CARDIOLOGY,CIGNA,2024,Q3,HIGH,16,492813.32,30800.83,20570.37,44193.94,3.31
CARDIOLOGY,CIGNA,2024,Q3,LOW,2,8225.59,4112.8,3237.38,4988.21,3.0
CARDIOLOGY,CIGNA,2024,Q3,MEDIUM,11,171844.85,15622.26,9566.34,19920.92,3.64
CARDIOLOGY,CIGNA,2024,Q3,VERY_HIGH,20,1420722.68,71036.13,51663.44,84394.84,4.05
CARDIOLOGY,CIGNA,2024,Q4,HIGH,21,783000.74,37285.75,22943.66,49232.99,4.1
CARDIOLOGY,CIGNA,2024,Q4,LOW,1,3550.64,3550.64,3550.64,3550.64,1.0
CARDIOLOGY,CIGNA,2024,Q4,MEDIUM,8,79382.73,9922.84,5236.96,19192.96,4.25
CARDIOLOGY,CIGNA,2024,Q4,VERY_HIGH,19,1232837.23,64886.17,51303.93,81040.27,3.42
CARDIOLOGY,HUMANA,2024,Q1,HIGH,20,685463.09,34273.15,20864.13,48340.44,5.9
CARDIOLOGY,HUMANA,2024,Q1,MEDIUM,6,65684.41,10947.4,7394.19,16507.9,3.17
CARDIOLOGY,HUMANA,2024,Q1,VERY_HIGH,28,1771790.2,63278.22,50310.77,78408.63,4.14
CARDIOLOGY,HUMANA,2024,Q2,HIGH,27,913969.68,33850.73,20105.19,49417.69,3.89
CARDIOLOGY,HUMANA,2024,Q2,LOW,1,2574.99,2574.99,2574.99,2574.99,6.0
CARDIOLOGY,HUMANA,2024,Q2,MEDIUM,9,82414.47,9157.16,5288.35,14043.37,3.11
CARDIOLOGY,HUMANA,2024,Q2,VERY_HIGH,20,1375204.11,68760.21,52279.5,84280.61,3.45
CARDIOLOGY,HUMANA,2024,Q3,HIGH,18,610317.32,33906.52,22813.1,49347.44,3.06
CARDIOLOGY,HUMANA,2024,Q3,LOW,2,7100.91,3550.46,2934.96,4165.95,2.0
CARDIOLOGY,HUMANA,2024,Q3,MEDIUM,8,113873.08,14234.14,7107.7,19920.71,2.88
CARDIOLOGY,HUMANA,2024,Q3,VERY_HIGH,23,1578804.86,68643.69,53200.25,84608.92,3.48
CARDIOLOGY,HUMANA,2024,Q4,HIGH,16,522004.16,32625.26,22551.98,49419.87,5.12
CARDIOLOGY,HUMANA,2024,Q4,LOW,3,8723.93,2907.98,1508.38,4051.56,4.0
CARDIOLOGY,HUMANA,2024,Q4,MEDIUM,7,93571.19,13367.31,9446.07,19241.49,2.29
CARDIOLOGY,HUMANA,2024,Q4,VERY_HIGH,21,1369471.67,65212.94,50556.44,81411.15,3.95
CARDIOLOGY,MEDICAID,2024,Q1,HIGH,27,920131.65,34078.95,20729.46,49258.7,3.93
CARDIOLOGY,MEDICAID,2024,Q1,MEDIUM,5,72549.61,14509.92,5463.51,19103.39,4.2
CARDIOLOGY,MEDICAID,2024,Q1,VERY_HIGH,20,1326263.6,66313.18,52189.01,84403.76,5.05
CARDIOLOGY,MEDICAID,2024,Q2,HIGH,22,782453.59,35566.07,20695.51,48902.67,4.27
CARDIOLOGY,MEDICAID,2024,Q2,LOW,2,6546.08,3273.04,1870.54,4675.54,2.0
CARDIOLOGY,MEDICAID,2024,Q2,MEDIUM,9,118681.66,13186.85,5855.23,18977.11,5.89
CARDIOLOGY,MEDICAID,2024,Q2,VERY_HIGH,32,2077954.89,64936.09,50880.33,79412.39,4.06
CARDIOLOGY,MEDICAID,2024,Q3,HIGH,18,647571.95,35976.22,23448.24,47475.22,3.17
CARDIOLOGY,MEDICAID,2024,Q3,LOW,1,3180.96,3180.96,3180.96,3180.96,1.0
CARDIOLOGY,MEDICAID,2024,Q3,MEDIUM,12,141177.41,11764.78,5326.6,18888.53,4.83
CARDIOLOGY,MEDICAID,2024,Q3,VERY_HIGH,29,1940640.27,66918.63,50163.51,83461.86,4.31
CARDIOLOGY,MEDICAID,2024,Q4,HIGH,21,758088.47,36099.45,20198.72,49565.9,3.38
CARDIOLOGY,MEDICAID,2024,Q4,LOW,3,8456.2,2818.73,2134.79,3826.73,2.0
CARDIOLOGY,MEDICAID,2024,Q4,MEDIUM,18,198164.51,11009.14,6235.93,17418.01,3.17
CARDIOLOGY,MEDICAID,2024,Q4,VERY_HIGH,31,2159641.39,69665.85,50841.92,84790.69,3.58
CARDIOLOGY,MEDICARE,2024,Q1,HIGH,23,795064.03,34568.0,21382.37,47033.21,3.78
CARDIOLOGY,MEDICARE,2024,Q1,MEDIUM,11,159626.53,14511.5,5471.15,19507.93,3.55
CARDIOLOGY,MEDICARE,2024,Q1,VERY_HIGH,16,1069430.79,66839.42,51020.73,81498.44,4.94
CARDIOLOGY,MEDICARE,2024,Q2,HIGH,18,589185.72,32732.54,21152.4,44181.64,4.06
CARDIOLOGY,MEDICARE,2024,Q2,LOW,2,6971.56,3485.78,3232.99,3738.57,6.5
CARDIOLOGY,MEDICARE,2024,Q2,MEDIUM,11,139915.31,12719.57,5258.42,19938.91,4.09
CARDIOLOGY,MEDICARE,2024,Q2,VERY_HIGH,14,912131.68,65152.26,51391.03,82948.22,3.93
CARDIOLOGY,MEDICARE,2024,Q3,HIGH,19,676137.1,35586.16,21115.58,49983.03,4.42
CARDIOLOGY,MEDICARE,2024,Q3,LOW,1,3251.43,3251.43,3251.43,3251.43,4.0
CARDIOLOGY,MEDICARE,2024,Q3,MEDIUM,11,119127.01,10829.73,5520.07,15136.29,3.82
CARDIOLOGY,MEDICARE,2024,Q3,VERY_HIGH,23,1617649.09,70332.57,53591.0,84342.27,3.52
CARDIOLOGY,MEDICARE,2024,Q4,HIGH,24,845320.71,35221.7,20191.05,48768.24,3.25
CARDIOLOGY,MEDICARE,2024,Q4,LOW,3,7959.53,2653.18,2111.46,3429.16,5.33
CARDIOLOGY,MEDICARE,2024,Q4,MEDIUM,11,150344.73,13667.7,6551.39,19399.37,4.0
CARDIOLOGY,MEDICARE,2024,Q4,VERY_HIGH,22,1497891.79,68085.99,52295.92,84957.47,3.55
CARDIOLOGY,SELF_PAY,2024,Q1,HIGH,8,335367.63,41920.95,32186.09,49197.26,3.75
CARDIOLOGY,SELF_PAY,2024,Q1,MEDIUM,2,17664.72,8832.36,8194.77,9469.95,1.0
CARDIOLOGY,SELF_PAY,2024,Q1,VERY_HIGH,10,690307.49,69030.75,50947.33,81018.09,4.1
CARDIOLOGY,SELF_PAY,2024,Q2,HIGH,4,143795.12,35948.78,22196.06,49201.02,2.0
CARDIOLOGY,SELF_PAY,2024,Q2,MEDIUM,5,38262.88,7652.58,5099.79,11434.03,3.4
CARDIOLOGY,SELF_PAY,2024,Q2,VERY_HIGH,4,315828.46,78957.12,69693.32,84995.31,3.75
CARDIOLOGY,SELF_PAY,2024,Q3,HIGH,8,312587.9,39073.49,25994.87,49103.23,4.25
CARDIOLOGY,SELF_PAY,2024,Q3,MEDIUM,1,17832.27,17832.27,17832.27,17832.27,2.0
CARDIOLOGY,SELF_PAY,2024,Q3,VERY_HIGH,9,606350.35,67372.26,50708.77,84990.27,4.22
CARDIOLOGY,SELF_PAY,2024,Q4,HIGH,7,267660.25,38237.18,25896.05,49705.57,4.14
CARDIOLOGY,SELF_PAY,2024,Q4,MEDIUM,6,83123.7,13853.95,6249.64,19096.99,4.67
CARDIOLOGY,SELF_PAY,2024,Q4,VERY_HIGH,13,848672.51,65282.5,50169.6,82012.78,4.31
CARDIOLOGY,UNITED,2024,Q1,HIGH,21,679814.6,32372.12,20952.26,48395.0,3.81
CARDIOLOGY,UNITED,2024,Q1,LOW,2,4651.44,2325.72,1664.81,2986.63,3.5
CARDIOLOGY,UNITED,2024,Q1,MEDIUM,5,80750.47,16150.09,13056.18,18942.13,5.0
CARDIOLOGY,UNITED,2024,Q1,VERY_HIGH,27,1826447.51,67646.2,50211.33,84966.38,3.78
CARDIOLOGY,UNITED,2024,Q2,HIGH,21,697865.74,33231.7,20093.83,45650.53,3.57
CARDIOLOGY,UNITED,2024,Q2,LOW,4,12621.36,3155.34,1737.11,4841.08,3.75
CARDIOLOGY,UNITED,2024,Q2,MEDIUM,12,139417.8,11618.15,5373.26,19800.75,4.0
CARDIOLOGY,UNITED,2024,Q2,VERY_HIGH,27,1799882.46,66662.31,52517.83,81743.28,3.96
CARDIOLOGY,UNITED,2024,Q3,HIGH,26,982135.15,37774.43,20068.19,49597.73,4.15
CARDIOLOGY,UNITED,2024,Q3,LOW,4,10498.96,2624.74,1939.41,3222.82,5.0
CARDIOLOGY,UNITED,2024,Q3,MEDIUM,9,114635.19,12737.24,5262.8,19312.47,2.67
CARDIOLOGY,UNITED,2024,Q3,VERY_HIGH,23,1492275.67,64881.55,50854.45,84400.33,4.0
CARDIOLOGY,UNITED,2024,Q4,HIGH,17,628525.66,36972.1,20848.51,49997.56,3.94
CARDIOLOGY,UNITED,2024,Q4,LOW,1,3842.08,3842.08,3842.08,3842.08,5.0
CARDIOLOGY,UNITED,2024,Q4,MEDIUM,6,63305.95,10550.99,6735.04,15979.08,4.0
CARDIOLOGY,UNITED,2024,Q4,VERY_HIGH,23,1553247.67,67532.51,50100.37,84330.43,3.52
EMERGENCY,AETNA,2024,Q1,HIGH,23,733140.43,31875.67,22354.82,46110.87,4.09
EMERGENCY,AETNA,2024,Q1,LOW,3,10175.79,3391.93,2927.11,4286.57,5.0
EMERGENCY,AETNA,2024,Q1,MEDIUM,5,55542.26,11108.45,6064.05,18253.45,6.0
EMERGENCY,AETNA,2024,Q1,VERY_HIGH,22,1506754.07,68488.82,51630.89,80216.08,4.0
EMERGENCY,AETNA,2024,Q2,HIGH,20,648890.52,32444.53,20522.1,49277.77,4.15
EMERGENCY,AETNA,2024,Q2,LOW,3,11725.03,3908.34,2071.86,4880.73,3.0
EMERGENCY,AETNA,2024,Q2,MEDIUM,11,113559.56,10323.6,5308.2,19491.94,4.45
EMERGENCY,AETNA,2024,Q2,VERY_HIGH,21,1481212.9,70533.95,51785.84,84406.7,4.05
EMERGENCY,AETNA,2024,Q3,HIGH,21,742425.93,35353.62,20470.88,48911.13,4.43
EMERGENCY,AETNA,2024,Q3,LOW,2,8157.82,4078.91,3588.3,4569.52,3.5
EMERGENCY,AETNA,2024,Q3,MEDIUM,5,72232.52,14446.5,8590.77,18394.57,2.4
EMERGENCY,AETNA,2024,Q3,VERY_HIGH,23,1575792.64,68512.72,51517.11,84574.25,4.35
EMERGENCY,AETNA,2024,Q4,HIGH,22,833020.78,37864.58,20885.07,48640.19,5.18
EMERGENCY,AETNA,2024,Q4,LOW,3,9528.5,3176.17,2230.18,4563.69,2.0
EMERGENCY,AETNA,2024,Q4,MEDIUM,14,197279.05,14091.36,5009.39,19500.18,3.5
EMERGENCY,AETNA,2024,Q4,VERY_HIGH,34,2265775.82,66640.47,52497.12,84768.39,4.44
EMERGENCY,BLUECROSS,2024,Q1,HIGH,28,969269.9,34616.78,20693.94,48776.81,2.96
EMERGENCY,BLUECROSS,2024,Q1,LOW,3,10783.29,3594.43,2974.96,4623.74,5.0
EMERGENCY,BLUECROSS,2024,Q1,MEDIUM,12,181281.74,15106.81,8605.37,19428.79,5.5
EMERGENCY,BLUECROSS,2024,Q1,VERY_HIGH,14,982600.35,70185.74,51183.83,84985.35,3.5
EMERGENCY,BLUECROSS,2024,Q2,HIGH,22,758803.36,34491.06,24617.96,48697.05,5.45
EMERGENCY,BLUECROSS,2024,Q2,LOW,7,24816.58,3545.23,1660.24,4986.86,4.43
EMERGENCY,BLUECROSS,2024,Q2,MEDIUM,14,143639.52,10259.97,5004.65,19621.74,3.57
EMERGENCY,BLUECROSS,2024,Q2,VERY_HIGH,19,1284197.74,67589.35,50274.34,84017.97,4.26
EMERGENCY,BLUECROSS,2024,Q3,HIGH,21,766243.7,36487.8,25347.86,49074.43,3.05
EMERGENCY,BLUECROSS,2024,Q3,LOW,2,7537.81,3768.9,2770.87,4766.94,4.5
EMERGENCY,BLUECROSS,2024,Q3,MEDIUM,11,102128.01,9284.36,5484.91,14983.32,3.55
EMERGENCY,BLUECROSS,2024,Q3,VERY_HIGH,23,1638974.98,71259.78,51363.72,84629.92,3.78
EMERGENCY,BLUECROSS,2024,Q4,HIGH,19,611695.47,32194.5,20257.5,48548.85,4.16
EMERGENCY,BLUECROSS,2024,Q4,LOW,4,15508.91,3877.23,2837.08,4761.76,3.25
EMERGENCY,BLUECROSS,2024,Q4,MEDIUM,8,104452.08,13056.51,6866.52,19356.71,4.25
EMERGENCY,BLUECROSS,2024,Q4,VERY_HIGH,23,1517208.05,65965.57,50006.87,84679.33,4.35
EMERGENCY,CIGNA,2024,Q1,HIGH,18,665047.49,36947.08,21921.72,49415.71,4.94
EMERGENCY,CIGNA,2024,Q1,LOW,1,4390.68,4390.68,4390.68,4390.68,4.0
EMERGENCY,CIGNA,2024,Q1,MEDIUM,7,98565.98,14080.85,6027.5,19452.96,4.29
EMERGENCY,CIGNA,2024,Q1,VERY_HIGH,28,1873594.96,66914.11,50225.38,82863.32,4.46
EMERGENCY,CIGNA,2024,Q2,HIGH,24,829729.96,34572.08,20402.73,47518.03,3.88
EMERGENCY,CIGNA,2024,Q2,MEDIUM,10,134608.66,13460.87,6473.73,19026.66,3.5
EMERGENCY,CIGNA,2024,Q2,VERY_HIGH,26,1769963.6,68075.52,52253.05,84222.21,3.92
EMERGENCY,CIGNA,2024,Q3,HIGH,13,421476.4,32421.26,21703.8,49170.58,3.08
EMERGENCY,CIGNA,2024,Q3,LOW,2,8023.63,4011.82,3261.59,4762.04,7.0
EMERGENCY,CIGNA,2024,Q3,MEDIUM,12,144247.27,12020.61,5316.35,19351.62,4.42
EMERGENCY,CIGNA,2024,Q3,VERY_HIGH,18,1220059.0,67781.06,51478.03,79321.11,3.5
EMERGENCY,CIGNA,2024,Q4,HIGH,24,886699.2,36945.8,22130.16,49871.73,4.42
EMERGENCY,CIGNA,2024,Q4,LOW,1,2664.74,2664.74,2664.74,2664.74,0.0
EMERGENCY,CIGNA,2024,Q4,MEDIUM,7,89094.53,12727.79,5983.92,19230.82,3.57
EMERGENCY,CIGNA,2024,Q4,VERY_HIGH,19,1179975.08,62103.95,51163.79,76022.37,4.74
EMERGENCY,HUMANA,2024,Q1,HIGH,20,698489.86,34924.49,20116.55,49265.05,4.3
EMERGENCY,HUMANA,2024,Q1,LOW,1,4097.91,4097.91,4097.91,4097.91,8.0
EMERGENCY,HUMANA,2024,Q1,MEDIUM,7,57780.52,8254.36,5264.34,16904.49,4.43
EMERGENCY,HUMANA,2024,Q1,VERY_HIGH,20,1331553.7,66577.68,50277.19,84494.65,4.3
EMERGENCY,HUMANA,2024,Q2,HIGH,22,753111.33,34232.33,22089.16,49445.46,4.91
EMERGENCY,HUMANA,2024,Q2,LOW,7,18817.91,2688.27,1509.88,4537.69,5.29
EMERGENCY,HUMANA,2024,Q2,MEDIUM,13,146322.59,11255.58,5913.6,19162.97,3.31
EMERGENCY,HUMANA,2024,Q2,VERY_HIGH,27,1833107.28,67892.86,50465.98,82844.89,3.44
EMERGENCY,HUMANA,2024,Q3,HIGH,17,627987.37,36940.43,26625.84,47449.79,3.53
EMERGENCY,HUMANA,2024,Q3,LOW,3,10157.24,3385.75,2219.78,3982.31,2.33
EMERGENCY,HUMANA,2024,Q3,MEDIUM,12,153838.99,12819.92,6002.06,18683.0,3.83
EMERGENCY,HUMANA,2024,Q3,VERY_HIGH,18,1227323.59,68184.64,51349.87,80829.26,3.5
EMERGENCY,HUMANA,2024,Q4,HIGH,20,673005.37,33650.27,21010.72,49658.41,4.6
EMERGENCY,HUMANA,2024,Q4,LOW,3,6390.41,2130.14,1947.64,2305.65,3.67
EMERGENCY,HUMANA,2024,Q4,MEDIUM,8,79887.87,9985.98,5010.53,15397.54,2.38
EMERGENCY,HUMANA,2024,Q4,VERY_HIGH,30,2032033.75,67734.46,50253.53,84951.6,4.97
EMERGENCY,MEDICAID,2024,Q1,HIGH,20,746874.47,37343.72,21107.34,49708.9,4.0
EMERGENCY,MEDICAID,2024,Q1,LOW,2,6124.67,3062.34,2431.51,3693.16,4.0
EMERGENCY,MEDICAID,2024,Q1,MEDIUM,6,72068.0,12011.33,5634.06,19251.53,3.33
EMERGENCY,MEDICAID,2024,Q1,VERY_HIGH,20,1275371.74,63768.59,51465.26,82454.3,3.5
EMERGENCY,MEDICAID,2024,Q2,HIGH,24,871075.43,36294.81,22898.35,49322.33,4.33
EMERGENCY,MEDICAID,2024,Q2,LOW,3,9594.4,3198.13,2928.5,3526.83,2.67
EMERGENCY,MEDICAID,2024,Q2,MEDIUM,13,145152.96,11165.61,5055.45,19615.73,3.15
EMERGENCY,MEDICAID,2024,Q2,VERY_HIGH,20,1438959.86,71947.99,51688.41,84931.05,3.9
EMERGENCY,MEDICAID,2024,Q3,HIGH,22,811326.15,36878.46,20556.2,49031.96,3.82
EMERGENCY,MEDICAID,2024,Q3,LOW,2,7643.55,3821.78,3052.13,4591.42,1.5
EMERGENCY,MEDICAID,2024,Q3,MEDIUM,11,168801.54,15345.59,9391.25,19655.03,4.0
EMERGENCY,MEDICAID,2024,Q3,VERY_HIGH,33,2247338.21,68101.16,50062.16,84373.91,4.7
EMERGENCY,MEDICAID,2024,Q4,HIGH,24,859542.63,35814.28,23956.07,49557.04,4.29
EMERGENCY,MEDICAID,2024,Q4,LOW,4,9478.15,2369.54,1988.23,2825.07,3.25
EMERGENCY,MEDICAID,2024,Q4,MEDIUM,14,176606.14,12614.72,5854.25,18695.76,3.71
EMERGENCY,MEDICAID,2024,Q4,VERY_HIGH,21,1357659.91,64650.47,50480.88,80224.03,4.1
EMERGENCY,MEDICARE,2024,Q1,HIGH,29,951981.86,32826.96,20284.99,49623.83,4.45
EMERGENCY,MEDICARE,2024,Q1,LOW,3,9832.11,3277.37,1912.89,4442.02,4.67
EMERGENCY,MEDICARE,2024,Q1,MEDIUM,11,138722.69,12611.15,6759.88,18713.04,4.45
EMERGENCY,MEDICARE,2024,Q1,VERY_HIGH,27,1765418.14,65385.86,50254.13,84608.9,4.04
EMERGENCY,MEDICARE,2024,Q2,HIGH,19,653396.92,34389.31,20652.92,49286.72,3.84
EMERGENCY,MEDICARE,2024,Q2,LOW,2,9256.31,4628.16,4603.17,4653.14,4.5
EMERGENCY,MEDICARE,2024,Q2,MEDIUM,14,205486.84,14677.63,6679.1,19687.87,4.71
EMERGENCY,MEDICARE,2024,Q2,VERY_HIGH,31,2172196.69,70070.86,50029.83,84761.05,4.32
EMERGENCY,MEDICARE,2024,Q3,HIGH,22,825285.26,37512.97,24549.5,49625.42,4.36
EMERGENCY,MEDICARE,2024,Q3,LOW,3,8904.12,2968.04,1787.99,4857.64,5.0
EMERGENCY,MEDICARE,2024,Q3,MEDIUM,11,130364.36,11851.31,5568.17,19168.54,3.45
EMERGENCY,MEDICARE,2024,Q3,VERY_HIGH,15,1027209.95,68480.66,50616.46,83274.43,3.73
EMERGENCY,MEDICARE,2024,Q4,HIGH,19,687044.93,36160.26,20897.3,48710.72,4.37
EMERGENCY,MEDICARE,2024,Q4,LOW,1,4951.87,4951.87,4951.87,4951.87,5.0
EMERGENCY,MEDICARE,2024,Q4,MEDIUM,15,185024.75,12334.98,6463.13,18637.49,3.53
EMERGENCY,MEDICARE,2024,Q4,VERY_HIGH,28,2004735.67,71597.7,50468.67,84754.36,4.5
EMERGENCY,SELF_PAY,2024,Q1,HIGH,10,346312.03,34631.2,20154.04,49779.24,2.6
EMERGENCY,SELF_PAY,2024,Q1,LOW,1,2365.75,2365.75,2365.75,2365.75,3.0
EMERGENCY,SELF_PAY,2024,Q1,MEDIUM,1,13450.35,13450.35,13450.35,13450.35,4.0
EMERGENCY,SELF_PAY,2024,Q1,VERY_HIGH,9,594843.4,66093.71,51150.12,82898.39,4.0
EMERGENCY,SELF_PAY,2024,Q2,HIGH,7,235643.75,33663.39,22462.34,48226.41,4.14
EMERGENCY,SELF_PAY,2024,Q2,MEDIUM,3,42668.64,14222.88,9445.63,19373.33,3.0
EMERGENCY,SELF_PAY,2024,Q2,VERY_HIGH,5,313562.82,62712.56,52884.49,70633.48,5.8
EMERGENCY,SELF_PAY,2024,Q3,HIGH,6,232043.2,38673.87,30691.96,48312.49,3.17
EMERGENCY,SELF_PAY,2024,Q3,MEDIUM,2,29256.97,14628.48,11593.83,17663.14,5.5
EMERGENCY,SELF_PAY,2024,Q3,VERY_HIGH,8,573620.28,71702.54,58404.62,82845.8,4.0
EMERGENCY,SELF_PAY,2024,Q4,HIGH,10,331689.86,33168.99,21081.2,46557.18,2.9
EMERGENCY,SELF_PAY,2024,Q4,MEDIUM,9,93887.72,10431.97,5604.55,15983.96,4.0
EMERGENCY,SELF_PAY,2024,Q4,VERY_HIGH,6,349874.03,58312.34,53481.84,64368.65,4.5
EMERGENCY,UNITED,2024,Q1,HIGH,24,840113.49,35004.73,23325.39,48541.21,4.08
EMERGENCY,UNITED,2024,Q1,LOW,4,13258.13,3314.53,2030.63,4487.72,3.5
EMERGENCY,UNITED,2024,Q1,MEDIUM,12,154103.89,12841.99,5173.82,19500.13,3.92
EMERGENCY,UNITED,2024,Q1,VERY_HIGH,28,1837416.64,65622.02,50422.45,79344.54,4.04
EMERGENCY,UNITED,2024,Q2,HIGH,15,536794.07,35786.27,21967.3,47416.7,4.2
EMERGENCY,UNITED,2024,Q2,LOW,3,11611.81,3870.6,3514.07,4351.64,3.33
EMERGENCY,UNITED,2024,Q2,MEDIUM,8,98313.11,12289.14,9496.58,18451.09,3.5
EMERGENCY,UNITED,2024,Q2,VERY_HIGH,26,1738265.81,66856.38,51598.32,83876.97,4.35
EMERGENCY,UNITED,2024,Q3,HIGH,15,521433.49,34762.23,23330.13,44318.05,4.13
EMERGENCY,UNITED,2024,Q3,LOW,6,19333.48,3222.25,1868.38,4970.72,3.5
EMERGENCY,UNITED,2024,Q3,MEDIUM,9,108505.62,12056.18,6728.46,19658.18,4.22
EMERGENCY,UNITED,2024,Q3,VERY_HIGH,28,1990188.62,71078.17,51195.51,84497.35,3.96
EMERGENCY,UNITED,2024,Q4,HIGH,26,889780.55,34222.33,20114.12,48899.39,4.27
EMERGENCY,UNITED,2024,Q4,LOW,4,9715.96,2428.99,1572.3,3204.05,5.0
EMERGENCY,UNITED,2024,Q4,MEDIUM,10,124829.51,12482.95,5644.56,17810.88,4.2
EMERGENCY,UNITED,2024,Q4,VERY_HIGH,17,1079386.91,63493.35,51784.53,83957.37,4.24
ICU,AETNA,2024,Q1,HIGH,26,935476.23,35979.85,22054.0,49815.58,3.85
ICU,AETNA,2024,Q1,LOW,1,3551.45,3551.45,3551.45,3551.45,0.0
ICU,AETNA,2024,Q1,MEDIUM,7,89734.78,12819.25,7592.45,17542.37,4.14
ICU,AETNA,2024,Q1,VERY_HIGH,23,1568728.17,68205.57,50810.23,83765.64,4.04
ICU,AETNA,2024,Q2,HIGH,19,602195.2,31694.48,21020.8,47681.65,3.74
ICU,AETNA,2024,Q2,LOW,1,2255.28,2255.28,2255.28,2255.28,8.0
ICU,AETNA,2024,Q2,MEDIUM,9,120935.06,13437.23,5603.09,18229.31,4.11
ICU,AETNA,2024,Q2,VERY_HIGH,28,1897155.87,67755.57,51300.15,84717.59,4.07
ICU,AETNA,2024,Q3,HIGH,17,586078.36,34475.2,23533.35,44722.85,3.41
ICU,AETNA,2024,Q3,LOW,1,2695.24,2695.24,2695.24,2695.24,0.0
ICU,AETNA,2024,Q3,MEDIUM,10,104738.15,10473.81,5706.39,16943.71,3.7
ICU,AETNA,2024,Q3,VERY_HIGH,22,1441206.43,65509.38,51578.42,82425.74,3.64
ICU,AETNA,2024,Q4,HIGH,21,705693.38,33604.45,20054.35,49185.62,2.48
ICU,AETNA,2024,Q4,LOW,2,8476.01,4238.0,3613.32,4862.69,6.0
ICU,AETNA,2024,Q4,MEDIUM,11,117897.92,10717.99,5689.71,18898.48,3.0
ICU,AETNA,2024,Q4,VERY_HIGH,28,1954112.62,69789.74,50364.01,84936.34,4.5
ICU,BLUECROSS,2024,Q1,HIGH,22,708701.48,32213.7,20005.54,49675.31,4.18
ICU,BLUECROSS,2024,Q1,LOW,2,9060.47,4530.23,4302.82,4757.65,4.0
ICU,BLUECROSS,2024,Q1,MEDIUM,10,121451.96,12145.2,5171.53,16784.22,4.5
ICU,BLUECROSS,2024,Q1,VERY_HIGH,18,1175037.85,65279.88,51248.24,82654.98,4.44
ICU,BLUECROSS,2024,Q2,HIGH,30,1043038.45,34767.95,20139.84,48784.13,3.93
ICU,BLUECROSS,2024,Q2,LOW,1,3760.21,3760.21,3760.21,3760.21,3.0
ICU,BLUECROSS,2024,Q2,MEDIUM,10,124987.99,12498.8,8072.26,19793.48,2.9
ICU,BLUECROSS,2024,Q2,VERY_HIGH,29,1907272.29,65768.01,50441.78,83058.57,4.38
ICU,BLUECROSS,2024,Q3,HIGH,26,909192.71,34968.95,21142.64,47804.15,4.38
ICU,BLUECROSS,2024,Q3,LOW,6,18759.38,3126.56,2245.71,4371.94,3.5
ICU,BLUECROSS,2024,Q3,MEDIUM,11,127358.71,11578.06,5201.65,18739.32,4.0
ICU,BLUECROSS,2024,Q3,VERY_HIGH,27,1911230.77,70786.32,50260.47,84640.44,2.89
ICU,BLUECROSS,2024,Q4,HIGH,17,610170.98,35892.41,21245.8,49624.05,4.82
ICU,BLUECROSS,2024,Q4,LOW,3,9066.99,3022.33,1765.59,4269.35,2.67
ICU,BLUECROSS,2024,Q4,MEDIUM,8,89390.04,11173.76,6787.38,16857.62,3.38
ICU,BLUECROSS,2024,Q4,VERY_HIGH,27,1818331.07,67345.6,52109.76,83185.56,4.44
ICU,CIGNA,2024,Q1,HIGH,17,561148.11,33008.71,22308.98,47526.1,3.65
ICU,CIGNA,2024,Q1,LOW,3,10072.58,3357.53,2474.69,4483.87,5.67
ICU,CIGNA,2024,Q1,MEDIUM,7,94073.95,13439.14,8140.3,18611.79,4.86
ICU,CIGNA,2024,Q1,VERY_HIGH,23,1554023.46,67566.24,50073.08,84397.01,3.96
ICU,CIGNA,2024,Q2,HIGH,27,976138.95,36153.29,20371.46,47904.64,4.74
ICU,CIGNA,2024,Q2,LOW,1,4861.28,4861.28,4861.28,4861.28,8.0
ICU,CIGNA,2024,Q2,MEDIUM,12,161032.44,13419.37,5662.48,19103.38,4.42
ICU,CIGNA,2024,Q2,VERY_HIGH,28,1929715.88,68918.42,50334.12,84766.09,3.29
ICU,CIGNA,2024,Q3,HIGH,18,636200.71,35344.48,21952.0,49441.85,3.61
ICU,CIGNA,2024,Q3,LOW,2,5893.1,2946.55,1615.87,4277.23,2.0
ICU,CIGNA,2024,Q3,MEDIUM,7,75987.8,10855.4,6239.88,17420.61,3.71
ICU,CIGNA,2024,Q3,VERY_HIGH,27,1771311.45,65604.13,50209.0,80262.79,3.85
ICU,CIGNA,2024,Q4,HIGH,17,655701.04,38570.65,20712.54,49631.22,4.29
ICU,CIGNA,2024,Q4,LOW,3,10735.9,3578.63,3440.65,3706.57,3.67
ICU,CIGNA,2024,Q4,MEDIUM,11,146364.35,13305.85,5175.55,19500.01,3.82
ICU,CIGNA,2024,Q4,VERY_HIGH,19,1313416.87,69127.2,51803.58,82946.67,4.21
ICU,HUMANA,2024,Q1,HIGH,16,527624.06,32976.5,22173.4,48159.91,4.44
ICU,HUMANA,2024,Q1,LOW,4,9875.1,2468.78,2088.06,2877.18,6.5
ICU,HUMANA,2024,Q1,MEDIUM,11,156510.38,14228.22,7446.71,19192.47,3.36
ICU,HUMANA,2024,Q1,VERY_HIGH,25,1718542.38,68741.7,52413.11,81178.33,4.48
ICU,HUMANA,2024,Q2,HIGH,23,769505.8,33456.77,20606.01,48433.34,4.83
ICU,HUMANA,2024,Q2,MEDIUM,8,86254.39,10781.8,5940.72,19971.51,5.75
ICU,HUMANA,2024,Q2,VERY_HIGH,18,1185665.6,65870.31,51859.5,81863.7,4.06
ICU,HUMANA,2024,Q3,HIGH,24,806151.14,33589.63,20090.03,49875.12,4.38
ICU,HUMANA,2024,Q3,LOW,1,2368.42,2368.42,2368.42,2368.42,8.0
ICU,HUMANA,2024,Q3,MEDIUM,14,208304.03,14878.86,7551.99,19857.36,4.21
ICU,HUMANA,2024,Q3,VERY_HIGH,15,1005759.67,67050.64,52436.79,83143.46,4.2
ICU,HUMANA,2024,Q4,HIGH,22,791242.24,35965.56,20730.66,49053.53,3.55
ICU,HUMANA,2024,Q4,LOW,1,4107.71,4107.71,4107.71,4107.71,0.0
ICU,HUMANA,2024,Q4,MEDIUM,10,118943.02,11894.3,5184.32,18636.45,2.9
ICU,HUMANA,2024,Q4,VERY_HIGH,23,1536088.41,66786.45,50016.08,84477.66,4.17
ICU,MEDICAID,2024,Q1,HIGH,12,469304.93,39108.74,23740.75,48812.39,3.5
ICU,MEDICAID,2024,Q1,LOW,1,4096.64,4096.64,4096.64,4096.64,0.0
ICU,MEDICAID,2024,Q1,MEDIUM,17,206918.69,12171.69,5116.63,17659.45,4.18
ICU,MEDICAID,2024,Q1,VERY_HIGH,23,1594743.25,69336.66,55421.16,84292.94,4.35
ICU,MEDICAID,2024,Q2,HIGH,20,715945.74,35797.29,22341.91,47440.8,3.55
ICU,MEDICAID,2024,Q2,LOW,1,4271.14,4271.14,4271.14,4271.14,2.0
ICU,MEDICAID,2024,Q2,MEDIUM,14,187892.11,13420.86,6807.87,19697.09,4.14
ICU,MEDICAID,2024,Q2,VERY_HIGH,21,1460328.45,69539.45,51446.86,83134.26,3.29
ICU,MEDICAID,2024,Q3,HIGH,25,845631.59,33825.26,20001.27,48300.01,4.32
ICU,MEDICAID,2024,Q3,LOW,2,6302.03,3151.02,2245.32,4056.71,7.5
ICU,MEDICAID,2024,Q3,MEDIUM,9,88570.88,9841.21,5361.11,16039.93,4.11
ICU,MEDICAID,2024,Q3,VERY_HIGH,30,2084672.89,69489.1,50718.26,84402.87,4.47
ICU,MEDICAID,2024,Q4,HIGH,19,579093.33,30478.6,20667.24,45528.81,4.68
ICU,MEDICAID,2024,Q4,LOW,2,8181.92,4090.96,3399.08,4782.84,4.5
ICU,MEDICAID,2024,Q4,MEDIUM,14,172687.82,12334.84,5019.39,19291.07,3.71
ICU,MEDICAID,2024,Q4,VERY_HIGH,21,1424103.01,67814.43,52201.75,82711.25,3.81
ICU,MEDICARE,2024,Q1,HIGH,15,549465.82,36631.05,20411.49,49641.37,3.53
ICU,MEDICARE,2024,Q1,LOW,2,5326.51,2663.26,2146.2,3180.31,2.5
ICU,MEDICARE,2024,Q1,MEDIUM,12,138295.76,11524.65,5336.52,19912.65,3.92
ICU,MEDICARE,2024,Q1,VERY_HIGH,25,1614094.96,64563.8,51241.72,82042.87,4.84
ICU,MEDICARE,2024,Q2,HIGH,27,908833.93,33660.52,20066.25,49973.33,4.15
ICU,MEDICARE,2024,Q2,LOW,2,6597.99,3299.0,1953.47,4644.52,3.0
ICU,MEDICARE,2024,Q2,MEDIUM,8,102587.53,12823.44,5811.84,18763.22,5.12
ICU,MEDICARE,2024,Q2,VERY_HIGH,20,1348940.92,67447.05,52570.83,81889.08,4.3
ICU,MEDICARE,2024,Q3,HIGH,17,579137.44,34066.91,22024.02,49288.96,3.59
ICU,MEDICARE,2024,Q3,LOW,3,10208.29,3402.76,2376.88,4669.56,6.33
ICU,MEDICARE,2024,Q3,MEDIUM,3,36774.93,12258.31,7220.79,16449.17,0.67
ICU,MEDICARE,2024,Q3,VERY_HIGH,20,1374357.11,68717.86,51386.71,81588.51,4.15
ICU,MEDICARE,2024,Q4,HIGH,16,522201.88,32637.62,21176.76,45251.72,3.75
ICU,MEDICARE,2024,Q4,LOW,3,10096.34,3365.45,1924.09,4107.57,3.67
ICU,MEDICARE,2024,Q4,MEDIUM,12,151354.98,12612.92,7034.5,19619.55,4.5
ICU,MEDICARE,2024,Q4,VERY_HIGH,25,1755851.74,70234.07,54341.5,84921.74,3.8
ICU,SELF_PAY,2024,Q1,HIGH,3,104758.2,34919.4,23328.97,43980.42,4.67
ICU,SELF_PAY,2024,Q1,LOW,1,2304.03,2304.03,2304.03,2304.03,6.0
ICU,SELF_PAY,2024,Q1,MEDIUM,7,83676.71,11953.82,6801.69,16014.79,4.86
ICU,SELF_PAY,2024,Q1,VERY_HIGH,5,360082.29,72016.46,65741.87,84104.43,6.6
ICU,SELF_PAY,2024,Q2,HIGH,13,464315.28,35716.56,21564.09,48091.99,3.62
ICU,SELF_PAY,2024,Q2,LOW,1,2263.61,2263.61,2263.61,2263.61,5.0
ICU,SELF_PAY,2024,Q2,MEDIUM,9,116299.4,12922.16,5136.19,19445.83,3.11
ICU,SELF_PAY,2024,Q2,VERY_HIGH,4,271971.35,67992.84,59834.17,76890.98,5.25
ICU,SELF_PAY,2024,Q3,HIGH,4,147719.99,36930.0,21428.84,47257.47,2.75
ICU,SELF_PAY,2024,Q3,MEDIUM,4,55091.41,13772.85,6917.87,19631.15,5.0
ICU,SELF_PAY,2024,Q3,VERY_HIGH,12,813207.24,67767.27,53455.27,82631.38,2.58
ICU,SELF_PAY,2024,Q4,HIGH,5,186342.15,37268.43,28445.74,48901.81,3.4
ICU,SELF_PAY,2024,Q4,MEDIUM,8,117979.28,14747.41,6120.24,19534.96,2.88
ICU,SELF_PAY,2024,Q4,VERY_HIGH,3,223953.21,74651.07,66235.62,79883.33,3.33
ICU,UNITED,2024,Q1,HIGH,17,578438.11,34025.77,20982.88,49222.27,4.35
ICU,UNITED,2024,Q1,LOW,3,6774.33,2258.11,2068.7,2506.82,6.0
ICU,UNITED,2024,Q1,MEDIUM,10,118178.41,11817.84,5401.21,18658.83,4.4
ICU,UNITED,2024,Q1,VERY_HIGH,18,1149367.19,63853.73,51947.87,83389.05,4.44
ICU,UNITED,2024,Q2,HIGH,27,919669.29,34061.83,21257.86,49157.39,3.37
ICU,UNITED,2024,Q2,LOW,2,4695.07,2347.54,1774.32,2920.75,4.0
ICU,UNITED,2024,Q2,MEDIUM,14,173760.74,12411.48,5410.68,19794.39,3.64
ICU,UNITED,2024,Q2,VERY_HIGH,18,1213339.52,67407.75,52306.26,84043.95,4.61
ICU,UNITED,2024,Q3,HIGH,29,987566.43,34054.01,21832.47,49467.42,3.97
ICU,UNITED,2024,Q3,LOW,5,13052.32,2610.46,1877.72,3637.72,2.8
ICU,UNITED,2024,Q3,MEDIUM,11,147050.99,13368.27,5450.37,19142.28,4.09
ICU,UNITED,2024,Q3,VERY_HIGH,20,1306171.19,65308.56,50364.77,83560.3,4.15
ICU,UNITED,2024,Q4,HIGH,12,475107.26,39592.27,24746.83,48965.72,4.5
ICU,UNITED,2024,Q4,MEDIUM,8,113647.43,14205.93,5789.62,19917.44,2.62
ICU,UNITED,2024,Q4,VERY_HIGH,32,2205865.14,68933.29,51935.28,84231.95,4.22
NEUROLOGY,AETNA,2024,Q1,HIGH,22,805113.29,36596.06,22313.55,47658.4,3.59
NEUROLOGY,AETNA,2024,Q1,MEDIUM,10,110166.68,11016.67,6073.31,19684.46,4.2
NEUROLOGY,AETNA,2024,Q1,VERY_HIGH,19,1304177.65,68640.93,53496.38,82648.49,2.89
NEUROLOGY,AETNA,2024,Q2,HIGH,18,590031.72,32779.54,21539.11,49848.7,4.44
NEUROLOGY,AETNA,2024,Q2,LOW,1,4559.95,4559.95,4559.95,4559.95,2.0
NEUROLOGY,AETNA,2024,Q2,MEDIUM,9,97091.2,10787.91,5787.33,18568.57,3.22
NEUROLOGY,AETNA,2024,Q2,VERY_HIGH,24,1626577.51,67774.06,50154.09,83565.4,4.25
NEUROLOGY,AETNA,2024,Q3,HIGH,22,782203.07,35554.68,20854.54,49713.41,4.05
NEUROLOGY,AETNA,2024,Q3,LOW,1,2449.17,2449.17,2449.17,2449.17,0.0
NEUROLOGY,AETNA,2024,Q3,MEDIUM,10,112386.75,11238.68,5675.13,17726.46,3.9
NEUROLOGY,AETNA,2024,Q3,VERY_HIGH,25,1726423.73,69056.95,50818.72,82928.55,4.2
NEUROLOGY,AETNA,2024,Q4,HIGH,18,642198.79,35677.71,20004.13,45643.82,4.0
NEUROLOGY,AETNA,2024,Q4,LOW,2,7874.87,3937.44,3546.73,4328.14,3.5
NEUROLOGY,AETNA,2024,Q4,MEDIUM,6,65703.81,10950.64,5729.42,18850.36,3.83
NEUROLOGY,AETNA,2024,Q4,VERY_HIGH,21,1360773.47,64798.74,50117.4,82072.23,3.86
NEUROLOGY,BLUECROSS,2024,Q1,HIGH,21,678917.11,32329.39,20884.22,49150.7,3.19
NEUROLOGY,BLUECROSS,2024,Q1,LOW,2,5905.91,2952.96,1997.66,3908.25,2.5
NEUROLOGY,BLUECROSS,2024,Q1,MEDIUM,13,148313.86,11408.76,5656.88,18541.62,3.23
NEUROLOGY,BLUECROSS,2024,Q1,VERY_HIGH,7,453208.82,64744.12,53278.69,77925.1,4.57
NEUROLOGY,BLUECROSS,2024,Q2,HIGH,21,740444.13,35259.24,20438.0,45650.19,4.48
NEUROLOGY,BLUECROSS,2024,Q2,LOW,6,14086.22,2347.7,1712.68,3279.17,3.17
NEUROLOGY,BLUECROSS,2024,Q2,MEDIUM,14,184491.2,13177.94,6152.82,18154.73,4.64
NEUROLOGY,BLUECROSS,2024,Q2,VERY_HIGH,21,1484606.45,70695.55,50458.67,84311.0,4.24
NEUROLOGY,BLUECROSS,2024,Q3,HIGH,29,1044728.28,36025.11,21445.53,49832.23,3.66
NEUROLOGY,BLUECROSS,2024,Q3,LOW,2,5495.69,2747.84,1735.52,3760.17,5.5
NEUROLOGY,BLUECROSS,2024,Q3,MEDIUM,6,82649.09,13774.85,10594.25,17077.69,4.33
NEUROLOGY,BLUECROSS,2024,Q3,VERY_HIGH,24,1672131.48,69672.14,51764.19,84054.91,5.42
NEUROLOGY,BLUECROSS,2024,Q4,HIGH,17,567750.35,33397.08,22373.8,48910.41,3.76
NEUROLOGY,BLUECROSS,2024,Q4,LOW,1,2157.98,2157.98,2157.98,2157.98,1.0
NEUROLOGY,BLUECROSS,2024,Q4,MEDIUM,6,69343.7,11557.28,6878.56,16599.99,5.33
NEUROLOGY,BLUECROSS,2024,Q4,VERY_HIGH,18,1244958.94,69164.39,50241.16,84365.99,3.72
NEUROLOGY,CIGNA,2024,Q1,HIGH,18,605001.88,33611.22,20456.97,47367.7,3.28
NEUROLOGY,CIGNA,2024,Q1,LOW,2,5342.19,2671.1,1663.24,3678.95,7.5
NEUROLOGY,CIGNA,2024,Q1,MEDIUM,7,93853.49,13407.64,6316.24,18637.92,4.0
NEUROLOGY,CIGNA,2024,Q1,VERY_HIGH,18,1220728.54,67818.25,51552.79,84198.64,3.78
NEUROLOGY,CIGNA,2024,Q2,HIGH,21,688277.28,32775.11,20518.77,46760.62,5.0
NEUROLOGY,CIGNA,2024,Q2,LOW,2,4584.09,2292.04,1665.54,2918.55,5.0
NEUROLOGY,CIGNA,2024,Q2,MEDIUM,15,173188.16,11545.88,5845.8,19359.92,4.27
NEUROLOGY,CIGNA,2024,Q2,VERY_HIGH,21,1476005.88,70285.99,50562.26,83484.16,3.86
NEUROLOGY,CIGNA,2024,Q3,HIGH,20,690299.54,34514.98,21109.89,49841.69,3.6
NEUROLOGY,CIGNA,2024,Q3,LOW,3,8550.82,2850.27,1776.46,3659.23,6.0
NEUROLOGY,CIGNA,2024,Q3,MEDIUM,8,101289.51,12661.19,5207.42,18577.49,4.38
NEUROLOGY,CIGNA,2024,Q3,VERY_HIGH,19,1233039.44,64896.81,50198.64,82698.14,4.26
NEUROLOGY,CIGNA,2024,Q4,HIGH,24,835161.72,34798.4,20609.2,49759.8,4.79
NEUROLOGY,CIGNA,2024,Q4,LOW,1,4513.13,4513.13,4513.13,4513.13,8.0
NEUROLOGY,CIGNA,2024,Q4,MEDIUM,5,76993.02,15398.6,11242.5,19985.48,3.4
NEUROLOGY,CIGNA,2024,Q4,VERY_HIGH,19,1293851.29,68097.44,51900.71,82198.83,3.05
NEUROLOGY,HUMANA,2024,Q1,HIGH,20,701828.13,35091.41,23333.86,43115.34,3.05
NEUROLOGY,HUMANA,2024,Q1,MEDIUM,6,60499.6,10083.27,7034.78,13226.53,4.67
NEUROLOGY,HUMANA,2024,Q1,VERY_HIGH,15,960706.77,64047.12,52407.65,83899.05,3.47
NEUROLOGY,HUMANA,2024,Q2,HIGH,20,738570.06,36928.5,21620.28,48109.41,4.55
NEUROLOGY,HUMANA,2024,Q2,MEDIUM,13,178723.02,13747.92,5192.76,19440.45,4.54
NEUROLOGY,HUMANA,2024,Q2,VERY_HIGH,29,2037759.58,70267.57,51913.85,84476.23,4.21
NEUROLOGY,HUMANA,2024,Q3,HIGH,13,515079.85,39621.53,23864.05,49934.47,3.69
NEUROLOGY,HUMANA,2024,Q3,LOW,1,4459.74,4459.74,4459.74,4459.74,0.0
NEUROLOGY,HUMANA,2024,Q3,MEDIUM,12,139818.45,11651.54,5622.87,17960.39,4.92
NEUROLOGY,HUMANA,2024,Q3,VERY_HIGH,22,1422210.5,64645.93,50281.81,82022.89,4.82
NEUROLOGY,HUMANA,2024,Q4,HIGH,20,720662.12,36033.11,24090.6,48223.1,4.05
NEUROLOGY,HUMANA,2024,Q4,LOW,4,13642.2,3410.55,2819.27,4016.35,4.75
NEUROLOGY,HUMANA,2024,Q4,MEDIUM,11,148483.15,13498.47,7914.82,18593.37,3.82
NEUROLOGY,HUMANA,2024,Q4,VERY_HIGH,19,1262051.72,66423.77,50492.88,80761.94,4.21
NEUROLOGY,MEDICAID,2024,Q1,HIGH,21,732421.9,34877.23,20961.11,49820.18,2.71
NEUROLOGY,MEDICAID,2024,Q1,LOW,2,4739.46,2369.73,2287.41,2452.05,2.5
NEUROLOGY,MEDICAID,2024,Q1,MEDIUM,13,146516.0,11270.46,5838.19,17226.85,4.0
NEUROLOGY,MEDICAID,2024,Q1,VERY_HIGH,24,1619650.55,67485.44,51603.31,82990.53,3.5
NEUROLOGY,MEDICAID,2024,Q2,HIGH,28,981198.08,35042.79,20831.64,48347.2,3.79
NEUROLOGY,MEDICAID,2024,Q2,LOW,4,15601.47,3900.37,3191.32,4653.83,4.75
NEUROLOGY,MEDICAID,2024,Q2,MEDIUM,7,89493.93,12784.85,5089.72,19083.45,6.29
NEUROLOGY,MEDICAID,2024,Q2,VERY_HIGH,17,1160037.93,68237.53,51274.31,82887.33,4.18
NEUROLOGY,MEDICAID,2024,Q3,HIGH,18,603360.31,33520.02,21382.95,48041.52,4.44
NEUROLOGY,MEDICAID,2024,Q3,LOW,1,3577.49,3577.49,3577.49,3577.49,4.0
NEUROLOGY,MEDICAID,2024,Q3,MEDIUM,2,26191.32,13095.66,11126.82,15064.5,6.0
NEUROLOGY,MEDICAID,2024,Q3,VERY_HIGH,14,879966.14,62854.72,54188.74,81018.95,4.29
NEUROLOGY,MEDICAID,2024,Q4,HIGH,27,878379.71,32532.58,20020.58,46693.03,3.78
NEUROLOGY,MEDICAID,2024,Q4,LOW,1,2620.63,2620.63,2620.63,2620.63,1.0
NEUROLOGY,MEDICAID,2024,Q4,MEDIUM,10,148411.56,14841.16,9112.77,19450.85,4.5
NEUROLOGY,MEDICAID,2024,Q4,VERY_HIGH,15,948919.5,63261.3,50555.58,79646.95,2.93
NEUROLOGY,MEDICARE,2024,Q1,HIGH,25,932405.34,37296.21,20073.54,49575.85,3.68
NEUROLOGY,MEDICARE,2024,Q1,LOW,1,2194.23,2194.23,2194.23,2194.23,8.0
NEUROLOGY,MEDICARE,2024,Q1,MEDIUM,16,209480.87,13092.55,6102.95,19651.87,3.56
NEUROLOGY,MEDICARE,2024,Q1,VERY_HIGH,14,938215.12,67015.37,50463.16,79506.5,3.5
NEUROLOGY,MEDICARE,2024,Q2,HIGH,18,566083.35,31449.07,20142.9,46781.2,2.83
NEUROLOGY,MEDICARE,2024,Q2,LOW,4,12639.99,3160.0,1929.9,3925.2,4.75
NEUROLOGY,MEDICARE,2024,Q2,MEDIUM,13,158570.94,12197.76,5068.58,18861.66,3.15
NEUROLOGY,MEDICARE,2024,Q2,VERY_HIGH,16,1156466.51,72279.16,52599.67,84483.45,3.5
NEUROLOGY,MEDICARE,2024,Q3,HIGH,28,981545.27,35055.19,21587.11,49196.27,2.5
NEUROLOGY,MEDICARE,2024,Q3,LOW,1,4465.8,4465.8,4465.8,4465.8,5.0
NEUROLOGY,MEDICARE,2024,Q3,MEDIUM,16,222704.03,13919.0,5458.28,19680.76,3.38
NEUROLOGY,MEDICARE,2024,Q3,VERY_HIGH,20,1382355.51,69117.78,53304.26,84779.73,3.95
NEUROLOGY,MEDICARE,2024,Q4,HIGH,21,704505.15,33547.86,20268.12,47686.0,3.52
NEUROLOGY,MEDICARE,2024,Q4,LOW,1,1638.94,1638.94,1638.94,1638.94,7.0
NEUROLOGY,MEDICARE,2024,Q4,MEDIUM,10,110001.61,11000.16,5984.23,18686.9,3.1
NEUROLOGY,MEDICARE,2024,Q4,VERY_HIGH,17,1151918.51,67759.91,53043.49,81997.25,4.53
NEUROLOGY,SELF_PAY,2024,Q1,HIGH,13,471185.88,36245.07,23529.51,48300.37,4.31
NEUROLOGY,SELF_PAY,2024,Q1,LOW,1,2128.96,2128.96,2128.96,2128.96,8.0
NEUROLOGY,SELF_PAY,2024,Q1,MEDIUM,4,33247.65,8311.91,5233.79,12695.65,3.0
NEUROLOGY,SELF_PAY,2024,Q1,VERY_HIGH,11,771245.78,70113.25,57491.69,82298.81,3.0
NEUROLOGY,SELF_PAY,2024,Q2,HIGH,13,467028.15,35925.24,22851.55,49773.2,4.31
NEUROLOGY,SELF_PAY,2024,Q2,LOW,1,1862.19,1862.19,1862.19,1862.19,7.0
NEUROLOGY,SELF_PAY,2024,Q2,MEDIUM,4,40221.89,10055.47,5289.35,19460.6,6.75
NEUROLOGY,SELF_PAY,2024,Q2,VERY_HIGH,5,351707.24,70341.45,62373.14,79498.15,3.6
NEUROLOGY,SELF_PAY,2024,Q3,HIGH,3,108204.46,36068.15,29611.16,42386.49,7.33
NEUROLOGY,SELF_PAY,2024,Q3,LOW,1,4298.13,4298.13,4298.13,4298.13,4.0
NEUROLOGY,SELF_PAY,2024,Q3,MEDIUM,1,7180.13,7180.13,7180.13,7180.13,0.0
NEUROLOGY,SELF_PAY,2024,Q3,VERY_HIGH,12,760528.86,63377.4,50000.34,80815.51,2.58
NEUROLOGY,SELF_PAY,2024,Q4,HIGH,6,222487.79,37081.3,25358.14,41965.06,4.83
NEUROLOGY,SELF_PAY,2024,Q4,LOW,1,3541.18,3541.18,3541.18,3541.18,2.0
NEUROLOGY,SELF_PAY,2024,Q4,MEDIUM,4,51854.16,12963.54,8511.39,17383.87,3.5
NEUROLOGY,SELF_PAY,2024,Q4,VERY_HIGH,12,862975.79,71914.65,52149.06,83778.73,4.92
NEUROLOGY,UNITED,2024,Q1,HIGH,21,781405.38,37209.78,20534.0,48915.47,4.48
NEUROLOGY,UNITED,2024,Q1,LOW,4,11899.66,2974.92,1932.65,4629.38,2.75
NEUROLOGY,UNITED,2024,Q1,MEDIUM,12,159075.95,13256.33,5117.01,18025.47,4.75
NEUROLOGY,UNITED,2024,Q1,VERY_HIGH,23,1476616.17,64200.7,50959.66,83119.86,4.35
NEUROLOGY,UNITED,2024,Q2,HIGH,20,753369.43,37668.47,20099.09,49873.54,4.3
NEUROLOGY,UNITED,2024,Q2,MEDIUM,9,106261.33,11806.81,5321.1,17088.44,4.11
NEUROLOGY,UNITED,2024,Q2,VERY_HIGH,22,1460079.51,66367.25,50307.62,83710.04,3.91
NEUROLOGY,UNITED,2024,Q3,HIGH,16,567111.62,35444.48,20263.3,47949.54,3.69
NEUROLOGY,UNITED,2024,Q3,LOW,3,9896.49,3298.83,2877.77,3523.35,3.33
NEUROLOGY,UNITED,2024,Q3,MEDIUM,9,112230.0,12470.0,5423.91,17937.42,4.78
NEUROLOGY,UNITED,2024,Q3,VERY_HIGH,17,1226856.42,72168.02,51298.97,84776.25,3.82
NEUROLOGY,UNITED,2024,Q4,HIGH,15,538349.33,35889.96,26725.19,49256.61,3.4
NEUROLOGY,UNITED,2024,Q4,LOW,5,17113.89,3422.78,2592.9,4247.67,3.4
NEUROLOGY,UNITED,2024,Q4,MEDIUM,19,254881.35,13414.81,5814.26,19409.01,4.05
NEUROLOGY,UNITED,2024,Q4,VERY_HIGH,20,1324518.88,66225.94,50983.63,81257.5,3.85
ONCOLOGY,AETNA,2024,Q1,HIGH,18,611776.21,33987.57,22012.65,48681.24,3.0
ONCOLOGY,AETNA,2024,Q1,LOW,1,4240.99,4240.99,4240.99,4240.99,4.0
ONCOLOGY,AETNA,2024,Q1,MEDIUM,9,104327.51,11591.95,5147.25,19920.97,3.89
ONCOLOGY,AETNA,2024,Q1,VERY_HIGH,25,1621497.62,64859.9,53064.33,84046.4,2.92
ONCOLOGY,AETNA,2024,Q2,HIGH,15,516288.67,34419.24,21381.92,48937.97,3.93
ONCOLOGY,AETNA,2024,Q2,LOW,2,7327.1,3663.55,2810.97,4516.13,3.0
ONCOLOGY,AETNA,2024,Q2,MEDIUM,10,137965.96,13796.6,8029.07,19488.08,4.5
ONCOLOGY,AETNA,2024,Q2,VERY_HIGH,36,2360917.14,65581.03,51490.7,83308.5,3.92
ONCOLOGY,AETNA,2024,Q3,HIGH,18,660592.39,36699.58,21645.84,49403.76,4.28
ONCOLOGY,AETNA,2024,Q3,MEDIUM,7,90791.11,12970.16,5746.19,18565.07,3.29
ONCOLOGY,AETNA,2024,Q3,VERY_HIGH,23,1621730.31,70510.01,51155.32,84731.69,3.09
ONCOLOGY,AETNA,2024,Q4,HIGH,18,595187.89,33065.99,20254.33,47700.37,3.67
ONCOLOGY,AETNA,2024,Q4,LOW,6,21297.34,3549.56,2223.33,4763.9,3.67
ONCOLOGY,AETNA,2024,Q4,MEDIUM,11,140349.87,12759.08,5009.51,19342.72,3.36
ONCOLOGY,AETNA,2024,Q4,VERY_HIGH,33,2265417.32,68649.01,52109.56,84442.74,3.58
ONCOLOGY,BLUECROSS,2024,Q1,HIGH,19,595715.23,31353.43,20008.33,48363.96,3.63
ONCOLOGY,BLUECROSS,2024,Q1,LOW,5,14699.88,2939.98,2062.27,4312.34,4.6
ONCOLOGY,BLUECROSS,2024,Q1,MEDIUM,4,56757.05,14189.26,6885.76,18733.43,4.25
ONCOLOGY,BLUECROSS,2024,Q1,VERY_HIGH,29,1982047.04,68346.45,51681.69,84188.26,4.1
ONCOLOGY,BLUECROSS,2024,Q2,HIGH,21,752662.54,35841.07,21159.48,49979.24,3.81
ONCOLOGY,BLUECROSS,2024,Q2,LOW,2,5870.21,2935.1,1747.43,4122.78,4.5
ONCOLOGY,BLUECROSS,2024,Q2,MEDIUM,7,93095.77,13299.4,5825.03,19969.11,5.0
ONCOLOGY,BLUECROSS,2024,Q2,VERY_HIGH,36,2399235.05,66645.42,50309.68,84869.82,3.97
ONCOLOGY,BLUECROSS,2024,Q3,HIGH,20,710355.31,35517.77,22386.26,48596.37,3.35
ONCOLOGY,BLUECROSS,2024,Q3,LOW,4,10409.99,2602.5,1737.3,3696.88,2.25
ONCOLOGY,BLUECROSS,2024,Q3,MEDIUM,11,141826.14,12893.29,6166.16,19377.42,3.09
ONCOLOGY,BLUECROSS,2024,Q3,VERY_HIGH,24,1661367.23,69223.63,50172.08,83165.66,3.75
ONCOLOGY,BLUECROSS,2024,Q4,HIGH,19,689584.35,36293.91,21545.15,49980.12,4.95
ONCOLOGY,BLUECROSS,2024,Q4,MEDIUM,6,77960.47,12993.41,7215.0,19534.1,3.83
ONCOLOGY,BLUECROSS,2024,Q4,VERY_HIGH,26,1744899.05,67111.5,50967.49,83478.41,4.08
ONCOLOGY,CIGNA,2024,Q1,HIGH,24,886543.7,36939.32,20547.91,49083.09,3.58
ONCOLOGY,CIGNA,2024,Q1,LOW,1,4790.92,4790.92,4790.92,4790.92,3.0
ONCOLOGY,CIGNA,2024,Q1,MEDIUM,12,171435.51,14286.29,8216.15,18858.4,3.25
ONCOLOGY,CIGNA,2024,Q1,VERY_HIGH,18,1155502.29,64194.57,50983.25,82699.24,3.28
ONCOLOGY,CIGNA,2024,Q2,HIGH,24,828431.85,34517.99,23302.25,48809.21,3.88
ONCOLOGY,CIGNA,2024,Q2,LOW,8,26898.21,3362.28,1830.16,4634.56,4.5
ONCOLOGY,CIGNA,2024,Q2,MEDIUM,5,68208.58,13641.72,9920.33,18778.2,6.0
ONCOLOGY,CIGNA,2024,Q2,VERY_HIGH,20,1384270.91,69213.55,53741.69,84191.24,3.75
ONCOLOGY,CIGNA,2024,Q3,HIGH,18,575068.57,31948.25,20477.81,49564.73,3.83
ONCOLOGY,CIGNA,2024,Q3,LOW,1,3469.35,3469.35,3469.35,3469.35,3.0
ONCOLOGY,CIGNA,2024,Q3,MEDIUM,12,151167.77,12597.31,6969.0,19448.58,5.5
ONCOLOGY,CIGNA,2024,Q3,VERY_HIGH,24,1599782.18,66657.59,51767.2,82035.17,5.04
ONCOLOGY,CIGNA,2024,Q4,HIGH,17,583530.76,34325.34,20693.01,45656.22,4.65
ONCOLOGY,CIGNA,2024,Q4,LOW,3,10710.32,3570.11,3008.57,4534.86,3.0
ONCOLOGY,CIGNA,2024,Q4,MEDIUM,10,147355.07,14735.51,5661.94,18825.28,3.4
ONCOLOGY,CIGNA,2024,Q4,VERY_HIGH,20,1355660.56,67783.03,52631.2,84274.94,4.75
ONCOLOGY,HUMANA,2024,Q1,HIGH,19,681234.23,35854.43,20220.4,49020.47,4.47
ONCOLOGY,HUMANA,2024,Q1,LOW,4,11255.2,2813.8,1568.51,4884.44,3.0
ONCOLOGY,HUMANA,2024,Q1,MEDIUM,8,117549.33,14693.67,9474.44,18479.51,4.88
ONCOLOGY,HUMANA,2024,Q1,VERY_HIGH,30,2165962.93,72198.76,50157.7,83989.02,4.87
ONCOLOGY,HUMANA,2024,Q2,HIGH,28,1096199.21,39149.97,23938.6,48145.28,3.86
ONCOLOGY,HUMANA,2024,Q2,LOW,2,7957.43,3978.72,3284.81,4672.62,6.0
ONCOLOGY,HUMANA,2024,Q2,MEDIUM,6,53222.69,8870.45,5885.09,13588.53,4.17
ONCOLOGY,HUMANA,2024,Q2,VERY_HIGH,25,1766439.31,70657.57,53361.63,82694.52,3.28
ONCOLOGY,HUMANA,2024,Q3,HIGH,20,695061.56,34753.08,20450.41,48523.3,4.25
ONCOLOGY,HUMANA,2024,Q3,LOW,2,7820.17,3910.08,3286.14,4534.03,7.0
ONCOLOGY,HUMANA,2024,Q3,MEDIUM,6,62067.37,10344.56,5802.62,15676.7,3.67
ONCOLOGY,HUMANA,2024,Q3,VERY_HIGH,20,1344154.47,67207.72,50138.52,79705.52,3.25
ONCOLOGY,HUMANA,2024,Q4,HIGH,26,880323.26,33858.59,21412.1,45267.49,3.38
ONCOLOGY,HUMANA,2024,Q4,LOW,2,6415.07,3207.54,2309.56,4105.51,1.5
ONCOLOGY,HUMANA,2024,Q4,MEDIUM,9,114187.41,12687.49,5213.0,18910.25,3.11
ONCOLOGY,HUMANA,2024,Q4,VERY_HIGH,23,1454087.2,63221.18,50018.99,79840.04,4.91
ONCOLOGY,MEDICAID,2024,Q1,HIGH,24,852419.0,35517.46,20428.96,49437.35,3.29
ONCOLOGY,MEDICAID,2024,Q1,LOW,1,3844.43,3844.43,3844.43,3844.43,5.0
ONCOLOGY,MEDICAID,2024,Q1,MEDIUM,8,86822.47,10852.81,6769.69,13655.08,3.38
ONCOLOGY,MEDICAID,2024,Q1,VERY_HIGH,26,1709240.66,65740.03,51373.87,83845.45,3.81
ONCOLOGY,MEDICAID,2024,Q2,HIGH,23,807705.5,35117.63,20819.23,49873.29,4.3
ONCOLOGY,MEDICAID,2024,Q2,LOW,3,12297.93,4099.31,3736.47,4704.85,7.0
ONCOLOGY,MEDICAID,2024,Q2,MEDIUM,8,99339.27,12417.41,7029.69,18500.4,2.0
ONCOLOGY,MEDICAID,2024,Q2,VERY_HIGH,21,1466900.09,69852.39,51648.31,84800.04,3.81
ONCOLOGY,MEDICAID,2024,Q3,HIGH,25,891688.93,35667.56,22404.44,49585.52,4.04
ONCOLOGY,MEDICAID,2024,Q3,LOW,2,7308.76,3654.38,3507.68,3801.08,4.0
ONCOLOGY,MEDICAID,2024,Q3,MEDIUM,8,110185.13,13773.14,9679.47,19807.6,3.25
ONCOLOGY,MEDICAID,2024,Q3,VERY_HIGH,28,1884381.5,67299.34,51423.06,83186.91,3.43
ONCOLOGY,MEDICAID,2024,Q4,HIGH,20,724861.32,36243.07,21595.64,49821.83,3.7
ONCOLOGY,MEDICAID,2024,Q4,LOW,3,10471.08,3490.36,2059.99,4283.82,4.0
ONCOLOGY,MEDICAID,2024,Q4,MEDIUM,11,155699.7,14154.52,6863.4,19680.22,5.27
ONCOLOGY,MEDICAID,2024,Q4,VERY_HIGH,21,1472895.51,70137.88,50101.81,84288.26,4.38
ONCOLOGY,MEDICARE,2024,Q1,HIGH,26,877368.23,33744.93,20000.68,49156.84,3.31
ONCOLOGY,MEDICARE,2024,Q1,LOW,5,14503.38,2900.68,1904.27,4645.67,4.4
ONCOLOGY,MEDICARE,2024,Q1,MEDIUM,11,164315.72,14937.79,8080.69,19836.31,3.18
ONCOLOGY,MEDICARE,2024,Q1,VERY_HIGH,26,1772030.8,68155.03,53541.25,84071.92,4.88
ONCOLOGY,MEDICARE,2024,Q2,HIGH,23,800854.5,34819.76,20094.4,49962.6,5.57
ONCOLOGY,MEDICARE,2024,Q2,LOW,1,4929.43,4929.43,4929.43,4929.43,4.0
ONCOLOGY,MEDICARE,2024,Q2,MEDIUM,4,54654.8,13663.7,9161.91,18526.33,2.0
ONCOLOGY,MEDICARE,2024,Q2,VERY_HIGH,25,1619799.86,64791.99,51318.43,84010.85,3.4
ONCOLOGY,MEDICARE,2024,Q3,HIGH,19,675926.88,35575.1,20237.41,49636.27,4.37
ONCOLOGY,MEDICARE,2024,Q3,LOW,2,7488.2,3744.1,3091.91,4396.29,5.0
ONCOLOGY,MEDICARE,2024,Q3,MEDIUM,11,125846.16,11440.56,5286.46,18896.4,4.18
ONCOLOGY,MEDICARE,2024,Q3,VERY_HIGH,22,1477252.58,67147.84,51108.11,84278.68,4.18
ONCOLOGY,MEDICARE,2024,Q4,HIGH,16,553871.58,34616.97,20625.51,48752.1,3.5
ONCOLOGY,MEDICARE,2024,Q4,LOW,3,6387.15,2129.05,1510.3,2676.03,3.33
ONCOLOGY,MEDICARE,2024,Q4,MEDIUM,7,91155.51,13022.22,7083.98,19739.75,4.43
ONCOLOGY,MEDICARE,2024,Q4,VERY_HIGH,19,1187480.32,62498.96,50277.05,79450.39,5.11
ONCOLOGY,SELF_PAY,2024,Q1,HIGH,6,221422.57,36903.76,22636.75,44912.66,5.0
ONCOLOGY,SELF_PAY,2024,Q1,LOW,1,3813.68,3813.68,3813.68,3813.68,2.0
ONCOLOGY,SELF_PAY,2024,Q1,MEDIUM,4,44829.37,11207.34,10147.61,12202.39,4.0
ONCOLOGY,SELF_PAY,2024,Q1,VERY_HIGH,7,427602.94,61086.13,51240.1,70319.88,4.14
ONCOLOGY,SELF_PAY,2024,Q2,HIGH,6,185599.93,30933.32,20068.97,37448.94,4.67
ONCOLOGY,SELF_PAY,2024,Q2,MEDIUM,6,84877.66,14146.28,9770.43,17967.66,3.0
ONCOLOGY,SELF_PAY,2024,Q2,VERY_HIGH,11,705669.25,64151.75,54265.39,84645.15,3.91
ONCOLOGY,SELF_PAY,2024,Q3,HIGH,7,218058.42,31151.2,20181.32,42973.52,4.29
ONCOLOGY,SELF_PAY,2024,Q3,LOW,3,9292.05,3097.35,1769.22,4942.77,5.0
ONCOLOGY,SELF_PAY,2024,Q3,MEDIUM,4,33637.4,8409.35,5051.36,14537.65,3.75
ONCOLOGY,SELF_PAY,2024,Q3,VERY_HIGH,9,577102.17,64122.46,51540.24,82548.81,4.67
ONCOLOGY,SELF_PAY,2024,Q4,HIGH,8,272868.25,34108.53,23687.13,42930.65,4.38
ONCOLOGY,SELF_PAY,2024,Q4,MEDIUM,1,15212.48,15212.48,15212.48,15212.48,3.0
ONCOLOGY,SELF_PAY,2024,Q4,VERY_HIGH,3,188076.03,62692.01,53728.92,80232.53,4.0
ONCOLOGY,UNITED,2024,Q1,HIGH,24,822464.51,34269.35,20023.38,48290.5,3.71
ONCOLOGY,UNITED,2024,Q1,LOW,3,7659.79,2553.26,1692.82,4256.02,3.33
ONCOLOGY,UNITED,2024,Q1,MEDIUM,8,126128.55,15766.07,11621.2,19726.63,3.75
ONCOLOGY,UNITED,2024,Q1,VERY_HIGH,23,1537075.27,66829.36,50307.54,84662.54,3.52
ONCOLOGY,UNITED,2024,Q2,HIGH,16,599582.04,37473.88,20509.23,47543.94,4.06
ONCOLOGY,UNITED,2024,Q2,LOW,2,7060.39,3530.2,2413.2,4647.19,3.0
ONCOLOGY,UNITED,2024,Q2,MEDIUM,11,148763.25,13523.93,6146.16,19501.72,4.73
ONCOLOGY,UNITED,2024,Q2,VERY_HIGH,19,1261057.23,66371.43,50305.18,84459.02,4.37
ONCOLOGY,UNITED,2024,Q3,HIGH,25,831028.33,33241.13,21941.79,49817.67,4.48
ONCOLOGY,UNITED,2024,Q3,LOW,4,16022.67,4005.67,3453.48,4767.68,3.75
ONCOLOGY,UNITED,2024,Q3,MEDIUM,17,219841.38,12931.85,5896.02,19054.77,3.0
ONCOLOGY,UNITED,2024,Q3,VERY_HIGH,26,1714698.51,65949.94,51332.03,84711.13,4.15
ONCOLOGY,UNITED,2024,Q4,HIGH,16,543614.5,33975.91,20178.18,49761.93,3.88
ONCOLOGY,UNITED,2024,Q4,LOW,2,5425.28,2712.64,2116.0,3309.28,4.5
ONCOLOGY,UNITED,2024,Q4,MEDIUM,13,177335.54,13641.2,5428.32,19955.94,4.46
ONCOLOGY,UNITED,2024,Q4,VERY_HIGH,26,1882048.24,72386.47,55031.1,84476.89,4.69
ORTHOPEDICS,AETNA,2024,Q1,HIGH,17,615883.99,36228.47,21624.87,49472.85,3.53
ORTHOPEDICS,AETNA,2024,Q1,LOW,2,8121.09,4060.54,3613.36,4507.73,5.0
ORTHOPEDICS,AETNA,2024,Q1,MEDIUM,8,111147.04,13893.38,6451.06,18837.76,4.38
ORTHOPEDICS,AETNA,2024,Q1,VERY_HIGH,29,2020940.63,69687.61,51534.25,84617.92,4.17
ORTHOPEDICS,AETNA,2024,Q2,HIGH,23,785390.36,34147.41,20154.86,49339.54,4.26
ORTHOPEDICS,AETNA,2024,Q2,LOW,2,3604.83,1802.42,1534.51,2070.32,3.5
ORTHOPEDICS,AETNA,2024,Q2,MEDIUM,14,140818.26,10058.45,5082.1,17224.62,3.29
ORTHOPEDICS,AETNA,2024,Q2,VERY_HIGH,26,1910485.46,73480.21,53759.37,82682.61,2.92
ORTHOPEDICS,AETNA,2024,Q3,HIGH,19,639105.07,33637.11,21833.18,48809.14,4.74
ORTHOPEDICS,AETNA,2024,Q3,LOW,1,4800.62,4800.62,4800.62,4800.62,0.0
ORTHOPEDICS,AETNA,2024,Q3,MEDIUM,9,118927.59,13214.18,9573.17,17161.75,4.56
ORTHOPEDICS,AETNA,2024,Q3,VERY_HIGH,25,1533436.7,61337.47,51100.81,81925.43,2.92
ORTHOPEDICS,AETNA,2024,Q4,HIGH,25,891230.9,35649.24,20140.31,48464.97,3.68
ORTHOPEDICS,AETNA,2024,Q4,LOW,6,21067.43,3511.24,1984.81,4338.07,5.0
ORTHOPEDICS,AETNA,2024,Q4,MEDIUM,9,101531.46,11281.27,6694.45,16345.37,4.22
ORTHOPEDICS,AETNA,2024,Q4,VERY_HIGH,17,1137787.71,66928.69,50095.08,81350.02,3.82
ORTHOPEDICS,BLUECROSS,2024,Q1,HIGH,28,988967.05,35320.25,21724.81,48865.45,3.79
ORTHOPEDICS,BLUECROSS,2024,Q1,LOW,1,4307.32,4307.32,4307.32,4307.32,8.0
ORTHOPEDICS,BLUECROSS,2024,Q1,MEDIUM,10,125327.0,12532.7,5075.84,19963.44,3.0
ORTHOPEDICS,BLUECROSS,2024,Q1,VERY_HIGH,28,1881756.27,67205.58,50984.11,84095.01,4.79
ORTHOPEDICS,BLUECROSS,2024,Q2,HIGH,20,692329.25,34616.46,21993.82,49558.29,4.7
ORTHOPEDICS,BLUECROSS,2024,Q2,LOW,1,3674.54,3674.54,3674.54,3674.54,6.0
ORTHOPEDICS,BLUECROSS,2024,Q2,MEDIUM,9,103565.22,11507.25,5240.6,19680.31,5.0
ORTHOPEDICS,BLUECROSS,2024,Q2,VERY_HIGH,17,1146986.5,67469.79,50442.94,84785.06,4.0
ORTHOPEDICS,BLUECROSS,2024,Q3,HIGH,26,958185.81,36853.3,20129.49,48319.56,3.58
ORTHOPEDICS,BLUECROSS,2024,Q3,LOW,4,10350.02,2587.5,1829.82,3653.81,2.0
ORTHOPEDICS,BLUECROSS,2024,Q3,MEDIUM,11,116901.93,10627.45,5150.57,17403.64,2.82
ORTHOPEDICS,BLUECROSS,2024,Q3,VERY_HIGH,21,1433740.5,68273.36,50673.66,82437.07,4.19
ORTHOPEDICS,BLUECROSS,2024,Q4,HIGH,16,539582.25,33723.89,21067.75,46826.67,2.44
ORTHOPEDICS,BLUECROSS,2024,Q4,LOW,3,11193.98,3731.33,2708.0,4664.53,4.33
ORTHOPEDICS,BLUECROSS,2024,Q4,MEDIUM,6,98366.12,16394.35,9584.26,19843.99,3.67
ORTHOPEDICS,BLUECROSS,2024,Q4,VERY_HIGH,23,1622991.93,70564.87,51225.51,84167.42,4.43
ORTHOPEDICS,CIGNA,2024,Q1,HIGH,24,864531.06,36022.13,20379.0,49945.36,3.38
ORTHOPEDICS,CIGNA,2024,Q1,LOW,2,4903.21,2451.6,2369.99,2533.22,5.0
ORTHOPEDICS,CIGNA,2024,Q1,MEDIUM,6,58270.05,9711.68,6243.34,13602.66,5.17
ORTHOPEDICS,CIGNA,2024,Q1,VERY_HIGH,20,1310896.43,65544.82,50818.95,76352.12,3.5
ORTHOPEDICS,CIGNA,2024,Q2,HIGH,18,581430.05,32301.67,22162.14,46939.17,2.89
ORTHOPEDICS,CIGNA,2024,Q2,LOW,5,17051.04,3410.21,2132.3,4537.56,3.2
ORTHOPEDICS,CIGNA,2024,Q2,MEDIUM,8,90325.31,11290.66,5333.82,18726.26,4.12
ORTHOPEDICS,CIGNA,2024,Q2,VERY_HIGH,21,1398085.04,66575.48,54217.21,83436.3,4.71
ORTHOPEDICS,CIGNA,2024,Q3,HIGH,25,867355.16,34694.21,20944.17,49348.61,4.2
ORTHOPEDICS,CIGNA,2024,Q3,LOW,2,8665.58,4332.79,3670.63,4994.95,5.0
ORTHOPEDICS,CIGNA,2024,Q3,MEDIUM,11,135919.7,12356.34,5752.0,19535.36,3.18
ORTHOPEDICS,CIGNA,2024,Q3,VERY_HIGH,26,1847110.0,71042.69,55401.4,84883.38,3.77
ORTHOPEDICS,CIGNA,2024,Q4,HIGH,20,695496.35,34774.82,21710.93,49663.81,4.45
ORTHOPEDICS,CIGNA,2024,Q4,LOW,3,9120.69,3040.23,2125.05,4136.57,3.33
ORTHOPEDICS,CIGNA,2024,Q4,MEDIUM,5,48139.02,9627.8,5158.98,15483.43,5.0
ORTHOPEDICS,CIGNA,2024,Q4,VERY_HIGH,26,1767441.06,67978.5,52024.46,84870.03,4.12
ORTHOPEDICS,HUMANA,2024,Q1,HIGH,18,683655.34,37980.85,21520.98,49295.57,2.61
ORTHOPEDICS,HUMANA,2024,Q1,LOW,4,16296.36,4074.09,3622.43,4441.93,3.5
ORTHOPEDICS,HUMANA,2024,Q1,MEDIUM,6,68504.98,11417.5,5674.34,18370.63,3.5
ORTHOPEDICS,HUMANA,2024,Q1,VERY_HIGH,25,1670832.09,66833.28,51927.74,83929.07,3.84
ORTHOPEDICS,HUMANA,2024,Q2,HIGH,15,509512.0,33967.47,21474.59,47312.96,5.0
ORTHOPEDICS,HUMANA,2024,Q2,LOW,4,12247.39,3061.85,1973.66,4074.81,2.5
ORTHOPEDICS,HUMANA,2024,Q2,MEDIUM,14,181053.9,12932.42,5499.77,19466.65,4.21
ORTHOPEDICS,HUMANA,2024,Q2,VERY_HIGH,30,1969605.61,65653.52,50672.42,83359.87,3.63
ORTHOPEDICS,HUMANA,2024,Q3,HIGH,25,885832.18,35433.29,21364.34,49046.73,3.92
ORTHOPEDICS,HUMANA,2024,Q3,LOW,2,7631.12,3815.56,3589.35,4041.77,4.0
ORTHOPEDICS,HUMANA,2024,Q3,MEDIUM,9,104072.11,11563.57,5220.69,18495.37,4.22
ORTHOPEDICS,HUMANA,2024,Q3,VERY_HIGH,22,1462805.16,66491.14,50617.99,82485.35,4.27
ORTHOPEDICS,HUMANA,2024,Q4,HIGH,12,458292.0,38191.0,21050.17,48668.68,4.0
ORTHOPEDICS,HUMANA,2024,Q4,LOW,1,4404.79,4404.79,4404.79,4404.79,2.0
ORTHOPEDICS,HUMANA,2024,Q4,MEDIUM,13,166113.94,12778.0,5376.13,19610.33,4.0
ORTHOPEDICS,HUMANA,2024,Q4,VERY_HIGH,23,1515893.55,65908.42,50382.07,81793.01,2.52
ORTHOPEDICS,MEDICAID,2024,Q1,HIGH,18,598443.69,33246.87,21368.61,47957.38,4.22
ORTHOPEDICS,MEDICAID,2024,Q1,LOW,2,5387.96,2693.98,1846.93,3541.03,7.0
ORTHOPEDICS,MEDICAID,2024,Q1,MEDIUM,6,74901.64,12483.61,7997.03,16328.9,6.0
ORTHOPEDICS,MEDICAID,2024,Q1,VERY_HIGH,22,1541272.3,70057.83,53035.05,84869.82,3.45
ORTHOPEDICS,MEDICAID,2024,Q2,HIGH,16,594452.81,37153.3,21412.65,49489.84,4.19
ORTHOPEDICS,MEDICAID,2024,Q2,LOW,5,16233.21,3246.64,2383.07,4578.57,2.2
ORTHOPEDICS,MEDICAID,2024,Q2,MEDIUM,12,153093.71,12757.81,5943.09,19357.21,4.75
ORTHOPEDICS,MEDICAID,2024,Q2,VERY_HIGH,24,1735687.32,72320.31,50208.98,84478.6,4.38
ORTHOPEDICS,MEDICAID,2024,Q3,HIGH,15,524414.1,34960.94,22266.16,46895.48,4.2
ORTHOPEDICS,MEDICAID,2024,Q3,LOW,1,1906.38,1906.38,1906.38,1906.38,0.0
ORTHOPEDICS,MEDICAID,2024,Q3,MEDIUM,10,111691.88,11169.19,5131.1,19308.21,5.6
ORTHOPEDICS,MEDICAID,2024,Q3,VERY_HIGH,18,1169372.65,64965.15,50351.05,84226.14,2.94
ORTHOPEDICS,MEDICAID,2024,Q4,HIGH,13,472587.7,36352.9,21567.5,45984.23,5.15
ORTHOPEDICS,MEDICAID,2024,Q4,LOW,2,7912.24,3956.12,3892.85,4019.39,4.0
ORTHOPEDICS,MEDICAID,2024,Q4,MEDIUM,10,115647.91,11564.79,5141.64,19932.97,3.7
ORTHOPEDICS,MEDICAID,2024,Q4,VERY_HIGH,26,1759445.45,67670.98,50057.02,83685.25,4.04
ORTHOPEDICS,MEDICARE,2024,Q1,HIGH,22,773511.42,35159.61,20214.91,49839.74,3.68
ORTHOPEDICS,MEDICARE,2024,Q1,LOW,4,7955.6,1988.9,1715.4,2475.56,4.75
ORTHOPEDICS,MEDICARE,2024,Q1,MEDIUM,11,134833.6,12257.6,7778.66,19351.81,4.18
ORTHOPEDICS,MEDICARE,2024,Q1,VERY_HIGH,24,1695408.5,70642.02,50955.46,84406.89,3.71
ORTHOPEDICS,MEDICARE,2024,Q2,HIGH,18,681166.45,37842.58,20148.23,48170.0,3.89
ORTHOPEDICS,MEDICARE,2024,Q2,LOW,1,4819.06,4819.06,4819.06,4819.06,8.0
ORTHOPEDICS,MEDICARE,2024,Q2,MEDIUM,4,48403.99,12101.0,10740.58,12800.79,4.25
ORTHOPEDICS,MEDICARE,2024,Q2,VERY_HIGH,24,1674550.11,69772.92,50134.6,84459.16,4.12
ORTHOPEDICS,MEDICARE,2024,Q3,HIGH,24,849827.82,35409.49,21394.06,48883.68,3.46
ORTHOPEDICS,MEDICARE,2024,Q3,LOW,4,9613.42,2403.36,1614.77,3984.42,4.75
ORTHOPEDICS,MEDICARE,2024,Q3,MEDIUM,16,186749.56,11671.85,5707.73,16885.55,3.56
ORTHOPEDICS,MEDICARE,2024,Q3,VERY_HIGH,29,1998559.78,68915.85,51340.5,84964.3,3.45
ORTHOPEDICS,MEDICARE,2024,Q4,HIGH,24,831344.49,34639.35,20170.33,48745.94,4.38
ORTHOPEDICS,MEDICARE,2024,Q4,LOW,1,4257.69,4257.69,4257.69,4257.69,5.0
ORTHOPEDICS,MEDICARE,2024,Q4,MEDIUM,11,130584.65,11871.33,5216.89,18655.07,5.18
ORTHOPEDICS,MEDICARE,2024,Q4,VERY_HIGH,26,1769313.96,68050.54,50484.54,83849.37,4.15
ORTHOPEDICS,SELF_PAY,2024,Q1,HIGH,8,290103.04,36262.88,20885.94,48303.84,4.88
ORTHOPEDICS,SELF_PAY,2024,Q1,LOW,3,10907.61,3635.87,1657.39,4773.84,1.67
ORTHOPEDICS,SELF_PAY,2024,Q1,MEDIUM,1,11422.66,11422.66,11422.66,11422.66,4.0
ORTHOPEDICS,SELF_PAY,2024,Q1,VERY_HIGH,8,552515.72,69064.46,52445.42,84751.61,4.0
ORTHOPEDICS,SELF_PAY,2024,Q2,HIGH,7,239947.7,34278.24,22462.08,49084.66,4.71
ORTHOPEDICS,SELF_PAY,2024,Q2,LOW,2,6741.3,3370.65,3360.83,3380.47,5.5
ORTHOPEDICS,SELF_PAY,2024,Q2,MEDIUM,8,105408.11,13176.01,5996.91,19827.59,5.25
ORTHOPEDICS,SELF_PAY,2024,Q2,VERY_HIGH,10,644891.55,64489.16,51942.41,76913.62,4.3
ORTHOPEDICS,SELF_PAY,2024,Q3,HIGH,8,293504.33,36688.04,20663.75,49641.1,2.62
ORTHOPEDICS,SELF_PAY,2024,Q3,MEDIUM,3,41058.2,13686.07,12219.97,15589.96,6.0
ORTHOPEDICS,SELF_PAY,2024,Q3,VERY_HIGH,10,715303.64,71530.36,59036.23,84138.3,4.3
ORTHOPEDICS,SELF_PAY,2024,Q4,HIGH,5,147508.84,29501.77,21862.24,39110.89,3.4
ORTHOPEDICS,SELF_PAY,2024,Q4,LOW,1,3527.78,3527.78,3527.78,3527.78,8.0
ORTHOPEDICS,SELF_PAY,2024,Q4,MEDIUM,3,49604.71,16534.9,15133.6,17663.53,2.67
ORTHOPEDICS,SELF_PAY,2024,Q4,VERY_HIGH,7,525712.43,75101.78,51388.31,80950.87,3.71
ORTHOPEDICS,UNITED,2024,Q1,HIGH,13,438563.79,33735.68,20955.01,49268.81,4.77
ORTHOPEDICS,UNITED,2024,Q1,LOW,4,10509.22,2627.3,1613.86,4307.72,3.0
ORTHOPEDICS,UNITED,2024,Q1,MEDIUM,7,89470.45,12781.49,6150.7,17057.34,4.29
ORTHOPEDICS,UNITED,2024,Q1,VERY_HIGH,20,1374602.03,68730.1,53162.7,84453.12,3.65
ORTHOPEDICS,UNITED,2024,Q2,HIGH,16,546053.65,34128.35,20393.74,44674.39,3.81
ORTHOPEDICS,UNITED,2024,Q2,LOW,2,6723.86,3361.93,2921.97,3801.89,3.5
ORTHOPEDICS,UNITED,2024,Q2,MEDIUM,6,73951.04,12325.17,8247.67,18897.54,1.67
ORTHOPEDICS,UNITED,2024,Q2,VERY_HIGH,24,1640510.26,68354.59,50007.39,80891.38,4.33
ORTHOPEDICS,UNITED,2024,Q3,HIGH,15,541926.02,36128.4,20243.21,48434.46,4.13
ORTHOPEDICS,UNITED,2024,Q3,LOW,5,12543.51,2508.7,1537.01,3900.4,5.8
ORTHOPEDICS,UNITED,2024,Q3,MEDIUM,11,113504.39,10318.58,5035.65,18054.45,6.0
ORTHOPEDICS,UNITED,2024,Q3,VERY_HIGH,27,1767588.8,65466.25,50443.31,84644.77,4.74
ORTHOPEDICS,UNITED,2024,Q4,HIGH,15,527606.63,35173.78,20606.59,47564.59,5.33
ORTHOPEDICS,UNITED,2024,Q4,MEDIUM,8,95872.19,11984.02,6942.14,16672.27,2.75
ORTHOPEDICS,UNITED,2024,Q4,VERY_HIGH,21,1415061.33,67383.87,50086.3,83218.5,4.05
